question,grading_notes,retriever,response,score
When was the crew announced for Apollo 9?,"The initial crew assignment of Commander Neil Armstrong, Command Module Pilot (CMP) Jim Lovell, and Lunar Module Pilot (LMP) Buzz Aldrin on the backup crew for Apollo 9 was officially announced on November 20, 1967",hybrid,"The initial crew assignment for Apollo 9 was officially announced on **November 20, 1967**.",pass
When did NASA added a third group other than Prime and a Backup crew?,"During Projects Mercury and Gemini, each mission had a prime and a backup crew. For Apollo, NASA added a third group, the support crew. Their job was to maintain the flight plan, checklists, and mission rules, and to keep the prime and backup crews updated on any changes",hybrid,"NASA added the third group, called the **support crew**, during **Apollo** missions, after the prime and backup crews used in Mercury and Gemini.

The WikiFiles do not give a specific date for when NASA first added them.",pass
What was CAPCOM,"The capsule communicator (CAPCOM) was an astronaut stationed at the Mission Control Center in Houston, Texas, and was typically the only person permitted to communicate directly with the flight crew.",hybrid,CAPCOM stood for the **capsule communicator**—an astronaut stationed at the Mission Control Center in Houston who was typically the only person permitted to communicate directly with the flight crew.,pass
who added the lunar background with the Earth,"The Apollo 11 mission emblem was designed by Collins, who wanted a symbol for ""peaceful lunar landing by the United States"". At Lovell's suggestion, he chose the bald eagle, the national bird of the United States, as the symbol. Tom Wilson, a simulator instructor, suggested an olive branch in its beak to represent their peaceful mission. Collins added a lunar background with the Earth in the distance. The sunlight in the image was coming from the wrong direction; the shadow should have been in the lower part of the Earth instead of the left.Aldrin, Armstrong and Collins decided the Eagle and the Moon would be in their natural colors, and decided on a blue and gold border. Armstrong was concerned that ""eleven"" would not be understood by non-English speakers, so they went with ""Apollo 11"", and they decided not to put their names on the patch, so it would ""be representative of everyone who had worked toward a lunar landing""",hybrid,The lunar background with the Earth in the distance was added by Collins.,pass
what was the mistake in emblem?,"The Apollo 11 mission emblem was designed by Collins, who wanted a symbol for ""peaceful lunar landing by the United States"". At Lovell's suggestion, he chose the bald eagle, the national bird of the United States, as the symbol. Tom Wilson, a simulator instructor, suggested an olive branch in its beak to represent their peaceful mission. Collins added a lunar background with the Earth in the distance. The sunlight in the image was coming from the wrong direction; the shadow should have been in the lower part of the Earth instead of the left.Aldrin, Armstrong and Collins decided the Eagle and the Moon would be in their natural colors, and decided on a blue and gold border. Armstrong was concerned that ""eleven"" would not be understood by non-English speakers, so they went with ""Apollo 11"", and they decided not to put their names on the patch, so it would ""be representative of everyone who had worked toward a lunar landing""",hybrid,"The mission emblem had a mistake in the sunlight/shadow direction: the sunlight was coming from the wrong direction, so the Earth’s shadow was on the wrong side.",pass
When did Kennedy met with Nikita?,"The effort to land a man on the Moon already had a name: Project Apollo. When Kennedy met with Nikita Khrushchev, the Premier of the Soviet Union in June 1961, he proposed making the Moon landing a joint project, but Khrushchev declined the offer. Kennedy again proposed a joint expedition to the Moon in a speech to the United Nations General Assembly on September 20, 1963. The idea of a joint Moon mission was ultimately abandoned after Kennedy's death.",hybrid,"According to the provided WikiFiles, Kennedy met with Nikita Khrushchev in June 1961.",pass
Was there any joint project between United States of America and Soviet Union to explore moon?,"The effort to land a man on the Moon already had a name: Project Apollo. When Kennedy met with Nikita Khrushchev, the Premier of the Soviet Union in June 1961, he proposed making the Moon landing a joint project, but Khrushchev declined the offer. Kennedy again proposed a joint expedition to the Moon in a speech to the United Nations General Assembly on September 20, 1963. The idea of a joint Moon mission was ultimately abandoned after Kennedy's death.",hybrid,"The WikiFiles say that Kennedy proposed making the Moon landing a joint project with Soviet Premier Nikita Khrushchev in June 1961, and he proposed a joint expedition again in a speech to the UN in 1963. However, Khrushchev declined the offer, and the idea was ultimately abandoned after Kennedy’s death.

So, based on the provided WikiFiles: no joint U.S.–Soviet Moon project was carried out.",pass
What were the job duties of Support Crew?,"During Projects Mercury and Gemini, each mission had a prime and a backup crew. For Apollo, NASA added a third group, the support crew. Their job was to maintain the flight plan, checklists, and mission rules, and to keep the prime and backup crews updated on any changes",hybrid,"The support crew’s job was to maintain the flight plan, checklists, and mission rules, keep the prime and backup crews updated on any changes, and develop procedures—especially for emergencies.",pass
what were the job duties of CAPCOM?,"The capsule communicator (CAPCOM) was an astronaut stationed at the Mission Control Center in Houston, Texas, and was typically the only person permitted to communicate directly with the flight crew.",hybrid,"The CAPCOM was an astronaut stationed at Mission Control in Houston, and was typically the only person allowed to communicate directly with the flight crew. This helped ensure messages came from someone who understood the spacecraft situation and could relay guidance from flight controllers clearly.",pass
What is the name of CPM who was replaced in Apollo 8?,"Michael Collins, the CMP on the Apollo 8 crew, began experiencing trouble with his legs. Doctors diagnosed a bony growth between his fifth and sixth vertebrae, requiring surgery.Lovell took his place on the Apollo 8 crew",hybrid,"The Apollo 11 files say that **Michael Collins** replaced the Apollo 8 Command Module Pilot, **Jim Lovell** was the one who was originally in that position. If you meant the Apollo 8 CMP who was replaced during crew changes, the file specifically says **Michael Collins had trouble with his legs, and Lovell took his place on the Apollo 8 crew**.",pass
What is CAPCOM stands for?,"The capsule communicator (CAPCOM) was an astronaut stationed at the Mission Control Center in Houston, Texas, and was typically the only person permitted to communicate directly with the flight crew.",hybrid,"CAPCOM stands for **capsule communicator**. It was the astronaut stationed at Mission Control in Houston, typically the only person permitted to communicate directly with the flight crew.",pass
Who is Jim Lovell?,"The initial crew assignment of Commander Neil Armstrong, Command Module Pilot (CMP) Jim Lovell, and Lunar Module Pilot (LMP) Buzz Aldrin on the backup crew for Apollo 9 was officially announced on November 20, 1967",hybrid,Jim Lovell is identified in the Apollo 11 file as the **backup crew Commander**. It also says he was initially assigned as part of the Apollo 11 crew rotation and had previously flown with Buzz Aldrin on Gemini 12.,fail
Who replaced the CMP on the Apollo 8?,"Michael Collins, the CMP on the Apollo 8 crew, began experiencing trouble with his legs. Doctors diagnosed a bony growth between his fifth and sixth vertebrae, requiring surgery.Lovell took his place on the Apollo 8 crew",hybrid,"Michael Collins was the CMP on Apollo 11, but the WikiFiles do not state who replaced the Command Module Pilot on Apollo 8 in the context provided.",fail
When did Kennedy delivered a speech before congress?,"Kennedy's speech to Congress On September 12, 1962, Kennedy delivered another speech before a crowd of about 40,000 people in the Rice University football stadium in Houston, Texas.",hybrid,"According to the WikiFile, Kennedy delivered his speech to Congress on **May 25, 1961**.",fail
Tell me something about Apollo 11?,"Apollo 11 (July 16–24, 1969) was the American spaceflight that first landed humans on the Moon, and the fifth crewed mission of NASA's Apollo program. The mission was crewed by Commander Neil Armstrong, Command Module Pilot Michael Collins, and Lunar Module Pilot Edwin ""Buzz"" Aldrin, all of whom were on their second and final spaceflight.",hybrid,"Apollo 11 was the American spaceflight that first landed humans on the Moon. It launched on July 16, 1969, aboard a Saturn V rocket, and the crew was Neil Armstrong, Michael Collins, and Edwin “Buzz” Aldrin.

A few key facts:
- Armstrong and Aldrin landed the Lunar Module Eagle in the Sea of Tranquility on July 20, 1969.
- Armstrong became the first human to walk on the Moon.
- The mission lasted 8 days, 3 hours, 18 minutes, and 35 seconds.
- The crew returned safely to Earth on July 24, 1969.

If you want, I can also give you a short summary of the mission, the crew, or the landing.",pass
Where did Kennedy delivered his speech?,"Kennedy's speech to Congress On September 12, 1962, Kennedy delivered another speech before a crowd of about 40,000 people in the Rice University football stadium in Houston, Texas.",hybrid,"Kennedy delivered his speech before a crowd at the Rice University football stadium in Houston, Texas.",pass
Why Michael Collins was replaced as CMP on Apollo 8?,"Michael Collins, the CMP on the Apollo 8 crew, began experiencing trouble with his legs. Doctors diagnosed a bony growth between his fifth and sixth vertebrae, requiring surgery.Lovell took his place on the Apollo 8 crew",hybrid,"Michael Collins was replaced as CMP on Apollo 8 because he began experiencing trouble with his legs, and doctors diagnosed a bony growth between his fifth and sixth vertebrae that required surgery. Jim Lovell took his place, and after Collins recovered, he joined Armstrong’s crew as CMP.",pass
Why did Armstrong refused to put their names on emblem?,"The Apollo 11 mission emblem was designed by Collins, who wanted a symbol for ""peaceful lunar landing by the United States"". At Lovell's suggestion, he chose the bald eagle, the national bird of the United States, as the symbol. Tom Wilson, a simulator instructor, suggested an olive branch in its beak to represent their peaceful mission. Collins added a lunar background with the Earth in the distance. The sunlight in the image was coming from the wrong direction; the shadow should have been in the lower part of the Earth instead of the left.Aldrin, Armstrong and Collins decided the Eagle and the Moon would be in their natural colors, and decided on a blue and gold border. Armstrong was concerned that ""eleven"" would not be understood by non-English speakers, so they went with ""Apollo 11"", and they decided not to put their names on the patch, so it would ""be representative of everyone who had worked toward a lunar landing""",hybrid,"According to the WikiFiles, Armstrong and the others decided not to put their names on the Apollo 11 mission patch so it would “be representative of everyone who had worked toward a lunar landing.”",pass
How many people were present when Kennedy spoke?,"Kennedy's speech to Congress On September 12, 1962, Kennedy delivered another speech before a crowd of about 40,000 people in the Rice University football stadium in Houston, Texas.",hybrid,"The WikiFiles say Kennedy spoke before a crowd of about **40,000 people** at Rice University.",pass
who was Nikita Khrushchev?,"The effort to land a man on the Moon already had a name: Project Apollo. When Kennedy met with Nikita Khrushchev, the Premier of the Soviet Union in June 1961, he proposed making the Moon landing a joint project, but Khrushchev declined the offer. Kennedy again proposed a joint expedition to the Moon in a speech to the United Nations General Assembly on September 20, 1963. The idea of a joint Moon mission was ultimately abandoned after Kennedy's death.",hybrid,"The provided WikiFiles do not contain enough information to answer who Nikita Khrushchev was, beyond noting that he was the Premier of the Soviet Union in June 1961.",pass
"When was first state dinner hosted by White House for Indian Prime Minister, Narendra Modi?",,hybrid,"The provided WikiFiles do not contain information about a state dinner for Indian Prime Minister Narendra Modi, so I can’t answer that from this context.",pass
